Recency,Frequency,Monetary,CustomerCount
36.14512471655329,8.26984126984127,2564.4596371882085,441
24.753768844221106,12.241206030150753,3559.8151256281403,199
36.32888888888889,5.528888888888889,1295.9681333333333,225
133.17777777777778,4.985185185185185,1343.7374814814814,135
